{"cameraMode":{"drawMode":0,"name":"Shaded","section":"Shading Mode"},"sceneLighting":false,"audioPlay":false,"sceneViewState":{"showFog":true,"showMaterialUpdate":false,"showSkybox":false,"showFlares":true,"showImageEffects":true,"showParticleSystems":true},"in2DMode":false,"pivot":{"x":0.15561722218990327,"y":-0.20922470092773438,"z":1.0761492252349854},"rotation":{"x":0.36380234360694888,"y":-0.008394591510295868,"z":0.0034350696951150896,"w":0.9315750598907471},"size":5.418370723724365,"orthographic":false}